StateCode,Division,Year,Month,PCP,TAVG,PDSI,PHDI,ZNDX,PMDI,CDD,HDD,SP01,SP02,SP03,SP06,SP09,SP12,SP24,TMIN,TMAX
106,0,1990,1,3.81,47.2,0.95,0.95,0.95,-0.49,25,458,1.56,0.39,-0.22,-0.63,0.68,0.34,-0.24,34.8,59.5
106,0,1990,2,3.87,49.9,1.64,1.64,2.34,1.01,26,343,1.74,2.15,1.19,-0.08,0.85,0.57,0.04,37.7,62
106,0,1990,3,4.49,54.7,2.33,2.33,2.58,2.33,47,273,1.8,2.36,2.63,0.48,0.47,0.91,0.22,44,65.3
106,0,1990,4,3.92,61.5,2.56,2.56,1.4,2.56,79,112,0.74,1.42,1.98,1.15,0.56,1.58,0.43,49.7,73.4
106,0,1990,5,5.05,69.4,2.87,2.87,1.73,2.87,244,26,0.89,1.04,1.51,1.79,0.78,1.58,0.9,58.2,80.6
106,0,1990,6,2.11,81.1,1.85,1.85,-2.17,0.89,507,0,-1.21,-0.21,0.18,1.56,0.4,0.42,0.89,69.1,93.2
106,0,1990,7,3.58,79.6,1.72,1.72,0.16,0.8,487,0,0.41,-0.65,-0.02,1.24,0.85,0.42,0.83,68.4,90.9
106,0,1990,8,2.3,80,1.21,1.21,-0.98,-0.1,516,0,-0.6,-0.21,-0.88,0.55,0.96,0.24,0.8,67.9,92
106,0,1990,9,3.45,75.7,1.04,1.04,-0.15,-0.3,377,3,0.31,-0.23,-0.05,0.08,1.32,0.33,0.72,63.9,87.6
106,0,1990,10,2.49,62.1,0.92,0.92,-0.04,-0.38,90,109,0.01,0.13,-0.24,-0.27,0.83,0.57,0.76,48.1,76
106,0,1990,11,2.69,55.9,0.65,0.65,-0.5,-0.74,43,226,0.34,0.12,0.19,-0.49,0.49,0.85,0.79,42.9,68.8
106,0,1990,12,2.73,42.6,0.59,0.59,0,-0.73,7,577,0.36,0.36,0.15,0.05,0.11,1.13,0.83,30.5,54.6
106,0,1991,1,3.75,39.5,1.22,1.22,2.09,0.51,6,687,1.52,1.25,1,0.43,0.27,1.15,0.97,30.1,49
106,0,1991,2,2.32,49.7,1.15,1.15,0.17,0.46,16,372,0.16,1.18,1.04,0.67,0.04,0.82,0.94,36.6,62.8
106,0,1991,3,2.14,56.1,0.62,0.62,-1.23,-0.36,59,243,-0.59,-0.33,0.59,0.38,0.29,0.31,0.84,43.1,69.1
106,0,1991,4,5.62,64.4,1.65,1.65,3.26,1.25,130,68,1.89,1.12,1.02,1.24,0.86,0.69,1.5,52.5,76.3
106,0,1991,5,5.29,72.9,1.87,1.87,1.18,1.86,295,7,1.07,1.92,1.37,1.58,1.31,0.73,1.54,62.2,83.5
106,0,1991,6,3.92,78.5,1.92,1.92,0.73,1.92,432,0,0.31,0.88,1.7,1.5,1.2,1.13,1.14,67.5,89.5
106,0,1991,7,3.2,81,2.04,2.04,0.94,2.04,524,0,0.02,0.21,0.73,1.1,1.29,1,1.07,69.4,92.5
106,0,1991,8,3.25,79.5,2.2,2.2,1.12,2.2,490,0,0.41,0.17,0.26,1.16,1.38,1.16,1.06,67.9,91
106,0,1991,9,4.07,71.9,2.52,2.52,1.62,2.52,275,12,0.82,0.77,0.58,1.67,1.56,1.26,1.26,61.1,82.7
106,0,1991,10,3.07,64.6,2.44,2.44,0.55,2.44,143,71,0.4,0.68,0.69,0.95,1.21,1.39,1.55,51,78.2
106,0,1991,11,2.46,47.7,2.39,2.39,0.61,2.39,8,427,0.15,0.29,0.57,0.56,1.17,1.39,1.83,36.5,58.9
106,0,1991,12,5.11,46.7,3.42,3.42,3.82,3.42,11,465,2.24,1.51,1.2,1.35,1.99,1.87,1.93,37.5,55.9
106,0,1992,1,3.17,43.2,3.86,3.86,2.38,3.86,7,598,1.02,2.38,1.75,1.65,1.84,1.83,1.89,33.2,53.2
106,0,1992,2,3.44,50.5,4.05,4.05,1.76,4.05,21,345,1.33,1.52,2.53,1.89,1.87,2.14,1.9,38.9,62
106,0,1992,3,2.99,55.8,3.67,3.67,0.11,3.65,52,254,0.32,1.07,1.32,1.59,1.87,2.39,1.76,43.3,68.3
106,0,1992,4,2.5,62,3.04,3.04,-0.74,2.68,75,103,-0.55,-0.14,0.47,1.37,1.57,1.73,1.57,49.7,74.3
106,0,1992,5,4.03,68,2.94,2.94,0.63,2.76,175,29,0.1,-0.3,-0.07,1.4,1.41,1.42,1.45,56.8,79.2
106,0,1992,6,5.61,75.5,3.82,3.82,3.55,3.82,376,4,1.61,1.1,0.63,1.15,1.55,1.78,2.05,64.7,86.2
106,0,1992,7,4.01,80.1,4.45,4.45,3.07,4.45,505,0,0.84,1.66,1.29,1.12,1.66,1.85,2.12,69.2,91
106,0,1992,8,3.31,76.1,5.04,5.04,3.15,5.04,394,4,0.47,0.75,1.58,0.86,1.86,1.83,2.02,64.8,87.3
106,0,1992,9,2.66,73.6,4.45,4.45,-0.23,4.3,325,9,-0.39,-0.09,0.29,0.63,1.11,1.45,2.16,61.7,85.5
106,0,1992,10,1.33,64.2,3.51,3.51,-1.43,2.78,128,78,-1.05,-0.94,-0.67,0.34,0.5,1.1,2.05,50.1,78.3
106,0,1992,11,4.46,48.9,4.28,4.28,3.38,4.28,10,395,1.54,0.41,0.12,1.02,0.68,1.55,2.65,38.3,59.4
106,0,1992,12,3.08,44.4,4.59,4.59,2.25,4.59,10,509,0.69,1.5,0.53,0.58,0.76,1.15,1.94,34.5,54.2
106,0,1993,1,3.11,41.2,4.92,4.92,2.43,4.92,12,616,0.96,1.06,1.71,0.61,1.24,1.17,1.9,31.7,50.8
106,0,1993,2,2.37,44.1,4.69,4.69,0.82,4.69,10,478,0.21,0.79,0.92,0.54,1.32,0.95,1.98,33.1,55.1
106,0,1993,3,3.06,51.8,4.5,4.5,0.88,4.5,29,347,0.39,0.37,0.76,0.76,0.84,0.98,2.19,40.2,63.4
106,0,1993,4,3.55,59.2,4.47,4.47,1.3,4.47,47,159,0.45,0.53,0.5,1.36,0.71,1.25,1.9,46.9,71.4
106,0,1993,5,4.73,68.4,4.52,4.52,1.52,4.52,177,27,0.65,0.7,0.73,0.99,0.74,1.44,1.85,57,79.8
106,0,1993,6,4.45,77.3,4.61,4.61,1.67,4.61,407,1,0.73,0.86,0.87,1.02,1.01,1.09,2.02,66.7,87.8
106,0,1993,7,2.95,82.3,4.46,4.46,0.96,4.46,564,0,-0.24,0.37,0.61,0.7,1.32,0.82,1.99,71.3,93.2
106,0,1993,8,2.7,81.7,3.97,3.97,-0.09,3.88,565,0,-0.13,-0.37,0.13,0.54,0.83,0.64,1.71,69.8,93.6
106,0,1993,9,3.19,72.4,3.62,3.62,0.2,3.55,319,15,0.09,-0.14,-0.3,0.45,0.71,0.75,1.75,59.7,85.1
106,0,1993,10,3.11,61.5,3.56,3.56,0.92,3.56,95,121,0.43,0.3,0.1,0.4,0.55,1.13,1.8,49,74
106,0,1993,11,2.32,48.1,3.3,3.3,0.34,3.3,9,425,0.03,0.24,0.19,0.16,0.49,0.74,1.88,35.8,60.4
106,0,1993,12,2.15,45.5,2.84,2.84,-0.36,2.64,7,513,-0.25,-0.21,0.02,-0.21,0.31,0.56,1.1,34,57
106,0,1994,1,2.51,41.4,2.73,2.73,0.53,2.68,10,631,0.39,0,-0.07,-0.03,0.26,0.44,1.05,30.1,52.6
106,0,1994,2,2.15,44.7,2.59,2.59,0.43,2.59,10,473,-0.03,0.22,-0.05,0.05,0.07,0.38,0.91,32.2,57.2
106,0,1994,3,2.63,55.2,2.21,2.21,-0.33,2.01,43,272,-0.06,-0.1,0.09,0.01,-0.18,0.29,0.87,42,68.3
106,0,1994,4,3.32,62.7,2.09,2.09,0.3,1.95,91,91,0.25,0.15,0.06,-0.08,-0.05,0.23,1.02,49.4,75.9
106,0,1994,5,4.1,69.3,2.01,2.01,0.41,1.98,204,25,0.15,0.23,0.18,0.03,0.01,0.07,1.04,58.1,80.5
106,0,1994,6,2.91,80.4,1.47,1.47,-0.98,0.93,474,0,-0.52,-0.29,-0.15,-0.04,-0.13,-0.25,0.62,68.7,92.1
106,0,1994,7,4.06,80.5,1.74,1.74,1.26,1.7,511,0,0.89,0.12,0.13,0.12,0.03,0.01,0.63,68.7,92.2
106,0,1994,8,2.48,79.6,1.5,1.5,-0.18,1.3,479,1,-0.38,0.23,-0.19,-0.06,-0.08,-0.06,0.52,67.6,91.6
106,0,1994,9,2.39,72.6,1.03,1.03,-0.95,0.31,284,11,-0.64,-0.81,-0.25,-0.28,-0.18,-0.2,0.44,60,85.2
106,0,1994,10,4.54,64.4,1.7,1.7,2.34,1.7,129,76,1.2,0.58,0.28,0.19,0.19,0.1,0.91,53.1,75.6
106,0,1994,11,3.04,54.9,1.84,1.84,0.95,1.84,53,241,0.6,1.17,0.71,0.38,0.35,0.26,0.67,44,65.8
106,0,1994,12,2.85,47,2.01,2.01,1.06,2.01,12,469,0.48,0.63,1.12,0.75,0.44,0.42,0.63,36.7,57.3
106,0,1995,1,2.54,43.8,2.25,2.25,1.35,2.25,13,564,0.42,0.52,0.64,0.57,0.48,0.43,0.58,32.7,54.9
106,0,1995,2,1.33,48.9,1.6,1.6,-1.26,0.97,17,388,-1.03,-0.38,-0.11,0.44,0.23,0.24,0.45,36.1,61.8
106,0,1995,3,3.41,54,1.79,1.79,1.06,1.57,39,293,0.75,-0.13,0.08,0.85,0.62,0.41,0.5,42.9,65
106,0,1995,4,4,60.9,2.15,2.15,1.64,2.15,74,117,0.81,0.95,0.38,0.58,0.62,0.55,0.59,48.1,73.7
106,0,1995,5,5.77,69.1,2.87,2.87,2.83,2.87,245,30,1.4,1.42,1.41,0.99,1.14,0.94,0.75,58.4,79.8
106,0,1995,6,3.69,75.6,2.89,2.89,0.94,2.89,360,2,0.13,1.01,1.17,0.88,1.25,1.09,0.62,63.9,87.3
106,0,1995,7,3.19,81.5,2.98,2.98,1.18,2.98,541,0,0.01,0.07,0.84,0.78,0.88,0.86,0.66,69.4,93.5
106,0,1995,8,2.87,82.1,2.76,2.76,0.27,2.76,555,0,0.05,-0.09,-0.04,1.01,0.74,0.89,0.68,70.6,93.6
106,0,1995,9,3.28,73,2.56,2.56,0.24,2.56,324,12,0.16,0.03,-0.04,0.85,0.7,1.06,0.68,61.3,84.7
106,0,1995,10,1.54,63.6,-0.47,1.83,-1.41,1.16,117,84,-0.81,-0.45,-0.49,0.15,0.31,0.49,0.39,49.2,78.1
106,0,1995,11,1.89,51.8,-0.79,1.27,-1.11,0.11,21,331,-0.35,-0.87,-0.63,-0.54,0.39,0.28,0.31,38.3,65.4
106,0,1995,12,2.5,44.3,-0.93,0.92,-0.66,-0.5,8,531,0.13,-0.26,-0.7,-0.59,0.21,0.22,0.41,33.4,55.2
106,0,1996,1,1.5,41.2,-1.37,-1.37,-1.6,-1.37,10,633,-0.74,-0.49,-0.62,-0.8,-0.22,0,0.3,27.6,54.9
106,0,1996,2,0.69,48.1,-2.35,-2.35,-3.36,-2.35,15,400,-1.92,-1.87,-1.31,-1.24,-1.04,-0.16,0.09,34.2,61.9
106,0,1996,3,1.87,49.1,-2.52,-2.52,-1.26,-2.52,14,418,-0.89,-1.79,-1.77,-1.47,-1.29,-0.5,-0.03,35.6,62.7
106,0,1996,4,2.5,61.2,-2.46,-2.46,-0.58,-2.46,69,119,-0.55,-0.93,-1.71,-1.37,-1.44,-0.83,-0.14,46.8,75.7
106,0,1996,5,2.4,74.8,-3.44,-3.44,-3.71,-3.44,364,8,-1.45,-1.48,-1.69,-1.87,-1.65,-1.47,-0.4,63.1,86.5
106,0,1996,6,3.78,78.8,-3.33,-3.33,-0.73,-3.33,443,1,0.2,-0.75,-0.91,-1.71,-1.53,-1.42,-0.3,67,90.6
106,0,1996,7,3.91,81.5,0.02,-2.97,0.06,-2.88,552,0,0.74,0.54,-0.32,-1.19,-1.2,-1.26,-0.32,70.2,92.7
106,0,1996,8,5.12,78.7,1.19,-1.49,3.51,0.06,472,1,1.8,1.88,1.52,-0.03,-0.58,-0.8,0.12,68.4,89
106,0,1996,9,4.71,71.7,1.91,1.91,2.53,1.91,287,16,1.32,2.27,2.39,0.72,-0.2,-0.53,0.41,60.7,82.7
106,0,1996,10,2.43,63.3,1.75,1.75,0.1,1.72,115,90,-0.03,0.68,1.43,0.8,-0.09,-0.34,0.05,50.8,75.7
106,0,1996,11,3.85,51.3,2.32,2.32,2.25,2.32,32,327,1.16,0.64,1.08,1.85,0.6,0.05,0.15,40.3,62.2
106,0,1996,12,1.72,46,2,2,-0.24,1.83,12,477,-0.77,0.45,0.19,1.55,0.62,-0.09,0.08,33.5,58.5
106,0,1997,1,1.95,41.3,1.9,1.9,0.31,1.79,8,634,-0.21,-0.74,0.2,1.21,0.74,-0.01,0.01,30.3,52.2
106,0,1997,2,4.5,46.4,3,3,3.89,3,11,431,2.31,1.42,0.7,1.22,1.96,0.79,0.45,36.6,56.2
106,0,1997,3,2.76,56.7,2.56,2.56,-0.4,2.33,66,235,0.08,1.64,1.12,0.7,1.93,1,0.36,43.6,69.7
106,0,1997,4,5.37,57.2,3.72,3.72,4.28,3.72,33,186,1.74,1.29,2.12,1.52,2.25,1.73,0.58,45.6,68.8
106,0,1997,5,4.08,68,3.57,3.57,0.7,3.57,188,32,0.14,1.27,1.06,1.14,1.57,2.25,0.34,56.2,80
106,0,1997,6,4.84,76.1,4,4,2.41,4,376,2,1.03,0.72,1.5,1.62,1.33,2.41,0.48,65.1,87
106,0,1997,7,2.34,81.7,3.76,3.76,0.52,3.76,548,0,-0.92,0.24,0.21,1.49,1.24,1.84,0.36,70,93.3
106,0,1997,8,3.26,79.6,3.72,3.72,1.02,3.72,502,1,0.42,-0.4,0.3,0.92,1.03,1.37,0.43,68.2,91
106,0,1997,9,2.51,75.7,2.89,2.89,-1.32,2.31,382,5,-0.52,-0.22,-0.66,0.72,1.08,0.88,0.28,63.4,88
106,0,1997,10,3.66,63.5,3.04,3.04,1.35,2.94,114,85,0.75,0.24,0.29,0.26,1.32,1.15,0.56,51.4,75.6
106,0,1997,11,2.32,49.4,2.84,2.84,0.32,2.79,11,391,0.03,0.5,0.13,0.22,0.74,0.88,0.62,38.5,60.3
106,0,1997,12,3.43,42.2,3.14,3.14,1.79,3.14,3,601,1,0.55,0.74,0.14,0.96,1.24,0.74,32,52.4
106,0,1998,1,3.92,46.2,3.84,3.84,3.07,3.84,25,489,1.65,1.81,1.24,0.98,0.88,1.7,1.09,35.4,57
106,0,1998,2,3.03,48.3,3.92,3.92,1.43,3.92,14,400,0.92,1.72,1.87,1.13,1.13,1.41,1.45,37.5,59.1
106,0,1998,3,3.69,51.2,4.16,4.16,1.92,4.16,28,354,1.03,1.27,1.86,1.53,1.06,1.65,1.75,40,62.4
106,0,1998,4,2.03,60.4,-0.37,3.36,-1.11,2.87,61,129,-1.1,0.01,0.39,0.98,0.96,0.9,1.7,47.2,73.6
106,0,1998,5,1.49,74.5,-1.9,1.44,-4.71,-0.88,349,5,-2.55,-2.85,-1.37,0.27,0.16,0.28,1.6,61.4,87.5
106,0,1998,6,1.79,81.3,-3.11,-3.11,-4.21,-3.11,534,1,-1.5,-2.39,-2.66,-0.58,-0.09,-0.37,1.33,68.8,93.8
106,0,1998,7,2.96,84.7,-3.81,-3.81,-3.06,-3.81,645,0,-0.23,-1.23,-2.11,-1.24,-0.32,-0.21,1.19,72.7,96.7
106,0,1998,8,3.15,81.6,-3.72,-3.72,-0.92,-3.72,567,0,0.32,-0.06,-0.92,-1.43,-0.28,-0.25,0.85,69.8,93.4
106,0,1998,9,4.11,78.7,0,-3.34,-0.01,-3.29,455,1,0.85,0.73,0.42,-1.46,-0.28,0.07,0.77,67,90.3
106,0,1998,10,4.72,66,0.72,-2.28,2.17,-1.31,163,56,1.28,1.35,1.32,-0.49,-0.2,0.31,1.11,54.7,77.4
106,0,1998,11,3.51,55.8,1.05,-1.64,1.21,-0.19,47,228,0.93,1.42,1.54,0.64,-0.13,0.58,1.07,45.5,66.2
106,0,1998,12,2.55,45.5,1.14,-1.27,0.59,0.36,9,503,0.18,0.72,1.25,1.3,-0.37,0.41,1.06,34.6,56.4
106,0,1999,1,3.44,45.8,1.74,1.74,2.15,1.74,24,499,1.25,0.93,1.16,1.77,0.16,0.31,1.29,33.4,58.2
106,0,1999,2,0.71,52.8,0.66,0.66,-2.7,-0.74,37,289,-1.89,-0.17,-0.12,1.18,0.45,-0.2,0.81,39.5,66.2
106,0,1999,3,3.6,53.3,1.04,1.04,1.35,0.3,44,308,0.94,-0.44,0.34,1.09,1.24,-0.22,0.95,41.6,64.8
106,0,1999,4,3.43,64.2,0.98,0.98,0.15,0.28,139,71,0.35,0.75,-0.13,0.6,1.34,0.06,0.7,52.2,76.2
106,0,1999,5,4.15,70.2,0.97,0.97,0.26,0.35,245,20,0.2,0.32,0.66,0.36,1.24,0.65,0.71,58.3,82.1
106,0,1999,6,4.87,77.2,1.61,1.61,2.24,1.61,416,2,1.06,0.78,0.76,0.72,1.21,1.35,0.7,67,87.5
106,0,1999,7,2.38,81.7,1.6,1.6,0.45,1.6,533,0,-0.88,0.29,0.28,0.11,0.61,1.16,0.71,70.6,92.7
106,0,1999,8,1.69,82.8,-0.68,0.76,-2.03,-0.36,600,0,-1.55,-1.45,-0.43,0.13,0.04,0.79,0.48,69.7,95.9
106,0,1999,9,2.36,73.1,-1.01,-1.01,-1.22,-1.01,319,11,-0.67,-1.36,-1.47,-0.4,-0.16,0.43,0.43,60.2,86
106,0,1999,10,1.81,63.5,-1.3,-1.3,-1.17,-1.3,112,84,-0.55,-0.83,-1.39,-0.77,-0.67,-0.11,0.1,48.9,78.1
106,0,1999,11,0.77,57.2,-2.38,-2.38,-3.64,-2.38,46,203,-1.63,-1.48,-1.49,-1.31,-0.7,-0.66,-0.15,42.5,72
106,0,1999,12,2.28,45.8,-2.76,-2.76,-1.88,-2.76,7,499,-0.1,-1.17,-1.19,-1.85,-0.98,-0.71,-0.19,33.1,58.6
106,0,2000,1,1.35,45.9,-3.54,-3.54,-3.19,-3.54,24,498,-0.94,-0.78,-1.39,-1.85,-1.29,-1.18,-0.54,33.6,58.2
106,0,2000,2,1.39,52.5,-4.58,-4.58,-4.22,-4.58,38,294,-0.96,-1.35,-1.11,-1.7,-1.56,-1.05,-0.8,39,66.1
106,0,2000,3,3.5,57.5,-4.4,-4.4,-0.89,-4.4,84,211,0.84,-0.02,-0.5,-1.13,-1.72,-1.08,-0.85,45.4,69.7
106,0,2000,4,2.71,62.2,-4.1,-4.1,-0.47,-4.1,86,105,-0.32,0.3,-0.21,-1.04,-1.63,-1.24,-0.78,49.1,75.3
106,0,2000,5,3.58,73.8,-4.42,-4.42,-2.21,-4.42,327,8,-0.29,-0.46,0.06,-0.66,-1.31,-1.33,-0.47,61.9,85.6
106,0,2000,6,5.31,76.8,-3.36,-3.36,1.82,-2.61,401,2,1.39,0.71,0.4,0.03,-0.68,-1.21,0.04,66.4,87.2
106,0,2000,7,1.71,82.4,-3.77,-3.77,-2.26,-3.77,567,0,-1.67,0.15,-0.09,-0.18,-0.82,-1.31,-0.15,70,94.7
106,0,2000,8,0.7,84,-4.95,-4.95,-4.7,-4.95,614,0,-3.09,-2.61,-1.01,-0.68,-1.01,-1.42,-0.47,70.4,97.6
106,0,2000,9,1.64,76.1,-5.42,-5.42,-2.96,-5.42,383,3,-1.38,-2.56,-2.57,-1.42,-1.36,-1.54,-0.89,61.6,90.5
106,0,2000,10,3.62,65.2,0.28,-4.58,0.85,-4.21,144,61,0.73,-0.21,-1.34,-0.97,-0.88,-1.26,-1.02,53.8,76.5
106,0,2000,11,5.67,48.1,1.85,-2.52,4.78,-0.33,14,408,2.22,1.8,1.06,0.13,0.11,-0.31,-0.74,37.8,58.3
106,0,2000,12,2.16,37.1,2.15,-1.76,1.49,0.88,0,759,-0.24,1.64,1.49,-0.51,-0.18,-0.33,-0.67,26.7,47.4
106,0,2001,1,2.86,40.3,2.64,-0.87,2.13,2.33,6,677,0.73,0.26,1.73,0.19,0.04,-0.03,-0.77,30,50.6
106,0,2001,2,3.36,47.3,3.05,3.05,2.04,3.05,22,399,1.25,1.27,0.82,1.26,0.47,0.37,-0.42,36.3,58.2
106,0,2001,3,3.7,50.2,3.43,3.43,2.08,3.43,17,398,1.04,1.5,1.49,1.91,0.28,0.42,-0.42,39.7,60.7
106,0,2001,4,1.47,65.7,-1,2.08,-3,0.82,140,53,-1.94,-0.35,0.28,1.23,0.24,0.13,-0.73,53.7,77.8
106,0,2001,5,4.07,71.6,-1.15,1.61,-0.77,0.06,269,11,0.13,-0.98,-0.2,0.28,0.79,0.22,-0.75,59.5,83.7
106,0,2001,6,3.92,78.1,-0.96,1.51,0.22,0.08,418,1,0.31,0.23,-0.55,0.49,1.17,-0.08,-0.91,66.4,89.9
106,0,2001,7,2.09,84,-1.59,0.63,-2.2,-1.52,592,0,-1.21,-0.46,-0.32,-0.06,0.76,0.03,-0.94,72.1,95.8
106,0,2001,8,3.61,81.7,-1.37,0.62,0.19,-1.3,548,0,0.73,-0.33,-0.11,-0.26,0.15,0.59,-0.61,69.9,93.4
106,0,2001,9,3.8,72.9,-0.95,0.84,0.84,-0.71,291,11,0.6,0.82,0.04,-0.38,0.4,1.02,-0.46,61.1,84.6
106,0,2001,10,2.69,62.4,-0.8,0.8,0.15,-0.61,87,109,0.15,0.39,0.57,0.1,0.22,0.86,-0.36,48.7,76.1
106,0,2001,11,3.45,56.8,-0.56,0.88,0.47,-0.34,49,210,0.89,0.57,0.7,0.42,0.19,0.45,0,45,68.5
106,0,2001,12,3.11,46.9,-0.32,0.97,0.54,-0.06,11,465,0.72,0.99,0.68,0.55,0.09,0.65,0.21,35,58.7
106,0,2002,1,2.09,45,-0.35,0.8,-0.19,-0.2,17,531,-0.05,0.38,0.75,0.87,0.46,0.5,0.33,32.5,57.5
106,0,2002,2,1.47,44.4,-0.51,-0.51,-0.59,-0.51,4,507,-0.85,-0.63,-0.13,0.42,0.25,0.08,0.34,31.6,57.2
106,0,2002,3,3.31,51.4,-0.02,-0.02,1.32,0.65,32,346,0.65,-0.1,-0.15,0.38,0.33,0,0.31,38.2,64.7
106,0,2002,4,2.55,65.6,-0.49,-0.49,-1.42,-0.49,154,59,-0.49,0.1,-0.35,0.21,0.48,0.22,0.31,54,77.2
106,0,2002,5,3.07,70.4,-0.94,-0.94,-1.49,-0.94,249,23,-0.76,-0.92,-0.36,-0.39,0.02,-0.03,0.24,58.3,82.5
106,0,2002,6,2.89,78.9,-1.24,-1.24,-1.2,-1.24,428,0,-0.53,-0.87,-1,-0.77,-0.25,-0.23,-0.16,67.4,90.4
106,0,2002,7,4.19,81,0.23,-0.88,0.7,-0.36,514,0,1.01,0.18,-0.29,-0.41,0.03,0.23,0.22,70.2,91.7
106,0,2002,8,2.72,81.3,0.06,-0.94,-0.46,-0.63,533,0,-0.11,0.48,-0.02,-0.3,-0.31,0.02,0.53,69.8,92.8
106,0,2002,9,3.52,75.2,0.07,-0.83,0.06,-0.4,363,4,0.37,0.09,0.53,-0.39,-0.37,-0.03,0.8,63.3,87.2
106,0,2002,10,6.16,61.9,1.66,1.66,4.78,1.66,122,114,1.89,1.66,1.48,0.86,0.5,0.69,1.18,52.8,71
106,0,2002,11,1.99,50.4,1.73,1.73,0.73,1.73,14,364,-0.26,1.39,1.32,1.05,0.57,0.42,0.57,38.6,62.2
106,0,2002,12,3.87,44.8,2.65,2.65,3.3,2.65,6,528,1.35,0.61,1.69,1.78,0.75,0.59,0.8,33.6,55.9
106,0,2003,1,0.61,41.5,2,2,-1.13,1.46,6,655,-2.04,-0.13,-0.33,0.91,0.51,0.29,0.53,29.5,53.5
106,0,2003,2,3.42,43.9,2.61,2.61,2.45,2.61,7,503,1.31,-0.26,0.56,1.34,1.15,0.69,0.55,33.3,54.4
106,0,2003,3,1.86,53.8,-0.42,1.92,-1.26,1.33,35,303,-0.9,0.26,-0.7,0.91,1.12,0.38,0.29,41.6,66.1
106,0,2003,4,2.03,63.7,-0.96,1.14,-1.76,-0.24,102,79,-1.1,-1.33,-0.37,-0.48,0.51,0.25,0.39,50.5,76.9
106,0,2003,5,3,72.3,-1.58,-1.58,-2.14,-1.58,314,15,-0.83,-1.37,-1.6,-0.67,0.25,0.22,0.23,60.4,84.1
106,0,2003,6,5.27,76.1,0.76,-0.66,2.28,0.6,389,3,1.36,0.38,-0.17,-0.5,0.55,0.75,0.41,65.1,87.1
106,0,2003,7,2.67,81.7,0.62,-0.65,-0.18,0.48,531,0,-0.55,0.69,0.07,-0.17,-0.3,0.41,0.5,70.1,93.3
106,0,2003,8,3.19,82.1,0.62,0.62,0.18,0.62,554,0,0.36,-0.22,0.64,-0.52,-0.18,0.47,0.45,70.1,94
106,0,2003,9,3.65,71.8,0.86,0.86,0.92,0.86,275,16,0.48,0.47,0.05,-0.11,-0.4,0.49,0.39,60.5,83.1
106,0,2003,10,2.29,64.9,-0.22,-0.22,-0.66,0.55,132,70,-0.14,0.13,0.16,0.07,-0.1,-0.23,0.29,52.1,77.7
106,0,2003,11,2.46,54.8,-0.43,-0.43,-0.71,-0.43,48,240,0.15,-0.1,0.1,0.41,-0.37,-0.14,0.11,43.6,66
106,0,2003,12,1.5,45.2,-1.06,-1.06,-2.02,-1.06,5,520,-1.08,-0.54,-0.55,-0.43,-0.43,-0.62,-0.01,32.4,58.1
106,0,2004,1,2.5,44,-1.23,-1.23,-0.84,-1.23,15,550,0.38,-0.49,-0.33,-0.16,-0.14,-0.24,0.05,32.9,55.2
106,0,2004,2,3.47,43.4,0.47,-0.63,1.41,0.32,6,521,1.36,1.11,0.32,0.18,0.47,-0.25,0.33,32.7,54.2
106,0,2004,3,2.95,58.5,0.27,-0.72,-0.45,-0.01,82,198,0.28,1.07,0.97,0.1,0.08,-0.03,0.27,47.1,69.8
106,0,2004,4,3.97,62,0.7,0.7,1.38,0.7,82,97,0.78,0.69,1.16,0.48,0.45,0.39,0.5,50.3,73.8
106,0,2004,5,3.59,72,0.3,0.3,-1,-0.33,262,8,-0.28,0.31,0.38,0.39,0.23,0.5,0.59,60.5,83.5
106,0,2004,6,7.03,76.8,1.97,1.97,5.1,1.97,392,2,2.61,1.6,1.61,1.62,0.92,0.89,1.21,66.3,87.3
106,0,2004,7,3.7,79.3,2.67,2.67,2.72,2.67,482,1,0.53,2.28,1.58,1.71,1.18,1.09,1.13,68.5,90
106,0,2004,8,3.1,77.3,3.29,3.29,2.67,3.29,438,2,0.27,0.41,2.07,1.45,1.28,1.02,1.13,66,88.7
106,0,2004,9,1.98,74.3,2.48,2.48,-1.4,1.86,346,5,-1.04,-0.67,-0.33,1.03,1.25,0.66,0.93,62.1,86.6
106,0,2004,10,4.62,67.2,2.98,2.98,2.26,2.98,223,46,1.24,0.44,0.4,1.37,1.57,1.15,0.65,56.6,77.8
106,0,2004,11,6.31,54,4.68,4.68,6.02,4.68,40,259,2.54,2.34,1.73,2.93,2.13,1.98,1.43,44.6,63.3
106,0,2004,12,1.64,44.6,4.49,4.49,0.87,4.49,5,541,-0.88,1.7,1.87,1.41,1.98,2,0.91,32,57
106,0,2005,1,2.68,46,4.51,4.51,1.45,4.51,24,494,0.56,-0.25,1.7,1.39,2.21,2.13,1.21,35.7,56.2
106,0,2005,2,2.9,49.1,4.42,4.42,1.14,4.42,19,373,0.78,0.86,0.18,1.52,2.64,2.08,1.19,39.5,58.7
106,0,2005,3,2.15,53.4,-0.25,3.71,-0.75,3.37,37,307,-0.58,0.1,0.33,1.6,1.34,1.93,1.26,41,65.7
106,0,2005,4,2.05,62,-0.69,2.87,-1.39,1.94,78,100,-1.08,-1.07,-0.48,0.76,0.85,1.54,1.29,48.9,75.1
106,0,2005,5,2.86,69.6,-1.14,2.05,-1.56,0.52,219,21,-0.97,-1.47,-1.48,-0.84,0.43,1.37,1.28,57.5,81.6
106,0,2005,6,2.71,78.8,-1.49,1.37,-1.4,-0.63,453,1,-0.69,-1.08,-1.43,-0.78,0.49,0.31,0.9,66.8,90.7
106,0,2005,7,3.62,81.3,-1.41,1.16,-0.22,-0.82,536,0,0.45,-0.26,-0.73,-0.8,0.21,0.31,1.05,69.5,93.2
106,0,2005,8,4.22,81,-0.7,1.6,1.69,0.24,545,0,1.2,1.1,0.35,-0.65,-0.45,0.5,1.15,69.4,92.5
106,0,2005,9,2.36,78,-1.33,0.74,-2.1,-1.17,454,2,-0.67,0.3,0.41,-0.74,-0.43,0.57,1,65.2,90.9
106,0,2005,10,1.68,64.1,-1.65,-1.65,-1.39,-1.65,124,79,-0.67,-0.91,-0.23,-0.71,-0.78,0.03,0.87,51.1,77
106,0,2005,11,1.28,55.7,-2.36,-2.36,-2.63,-2.36,47,228,-0.98,-1.19,-1.3,-0.72,-1.21,-0.99,0.67,41.7,69.7
106,0,2005,12,1.04,43,-3.22,-3.22,-3.31,-3.22,4,582,-1.83,-1.73,-1.62,-0.93,-1.43,-1.12,0.6,30,55.9
106,0,2006,1,1.95,50,-3.98,-3.98,-3.27,-3.98,33,399,-0.21,-1.29,-1.46,-1.13,-1.27,-1.3,0.55,35.9,64.2
106,0,2006,2,1.77,45.6,-4.63,-4.63,-3.17,-4.63,9,460,-0.48,-0.5,-1.27,-1.66,-1.16,-1.53,0.33,32.4,58.8
106,0,2006,3,2.64,56.9,-4.8,-4.8,-1.95,-4.8,77,222,-0.05,-0.37,-0.43,-1.35,-0.99,-1.45,0.27,44.7,69.1
106,0,2006,4,2.55,67.9,-4.96,-4.96,-1.97,-4.96,189,34,-0.49,-0.33,-0.56,-1.28,-1.23,-1.35,0.09,54.3,81.5
106,0,2006,5,2.72,72.6,-5.7,-5.7,-3.73,-5.7,293,10,-1.11,-1.18,-0.92,-1.42,-1.68,-1.36,-0.05,59.9,85.4
106,0,2006,6,2.28,79,-6.28,-6.28,-3.52,-6.28,442,0,-1.06,-1.4,-1.47,-1.28,-1.68,-1.4,-0.79,66,92
106,0,2006,7,2.65,82.7,-6.65,-6.65,-3.03,-6.65,560,0,-0.57,-1.12,-1.45,-1.37,-1.75,-1.56,-0.94,70.5,94.8
106,0,2006,8,3.24,82.7,-6.26,-6.26,-0.91,-6.26,598,0,0.4,-0.2,-0.8,-1.13,-1.42,-1.64,-0.88,71.1,94.4
106,0,2006,9,3.1,71.7,0,-5.62,0.01,-5.56,297,16,0.01,0.15,-0.22,-1.14,-1.1,-1.51,-0.76,59.2,84.2
106,0,2006,10,4.41,63.5,0.73,-4.32,2.16,-3.41,132,87,1.14,0.83,0.84,-0.44,-0.59,-1.06,-0.79,50.9,76.1
106,0,2006,11,1.69,54.1,0.28,-4.25,-1.12,-3.71,35,268,-0.55,0.56,0.41,-0.27,-0.64,-1.01,-1.36,40.9,67.4
106,0,2006,12,3.73,45.7,0.72,-3.34,1.41,-2.25,8,494,1.24,0.36,0.9,0.57,-0.35,-0.46,-1.01,34.2,57.1
106,0,2007,1,3.72,40,1.56,-2.08,2.75,-0.02,7,663,1.49,1.87,0.99,1.24,0.12,-0.1,-0.9,30.6,49.4
106,0,2007,2,1.06,44.3,0.99,-2.27,-1.22,-0.68,8,486,-1.39,0.3,0.89,0.76,0.16,-0.28,-1.2,32.5,56.2
106,0,2007,3,3.48,59.9,0.92,-2.01,0.08,-0.43,90,171,0.82,-0.27,0.61,0.96,0.75,-0.1,-1.03,47.8,72
106,0,2007,4,2.85,59.1,0.93,-1.7,0.31,-0.07,50,152,-0.18,0.37,-0.32,0.38,0.81,-0.06,-0.95,47.2,71
106,0,2007,5,5.27,70.5,1.42,-0.93,1.77,1.11,244,13,1.05,0.61,0.83,1.06,0.99,0.5,-0.59,60,81
106,0,2007,6,5.53,76.9,2.34,2.34,3.2,2.34,404,1,1.55,1.69,1.24,1.2,1.39,1.24,-0.19,66.3,87.5
106,0,2007,7,5.45,78.8,3.83,3.83,5.19,3.83,453,0,2.17,2.42,2.43,1.42,1.54,1.81,0.09,68.8,88.8
106,0,2007,8,2.65,82.4,4.32,4.32,2.65,4.32,568,0,-0.19,1.27,1.96,1.72,1.76,1.63,-0.1,71.2,93.7
106,0,2007,9,3.11,75.6,-0.05,3.82,-0.15,3.71,375,4,0.02,-0.22,0.95,1.51,1.45,1.58,-0.05,64.4,86.8
106,0,2007,10,2.52,66.1,-0.14,3.33,-0.3,3.04,156,56,0.03,-0.02,-0.22,1.55,0.98,1.19,0.03,52.8,79.4
106,0,2007,11,1.36,54.3,-0.73,2.39,-1.79,1.37,37,258,-0.89,-0.59,-0.5,0.77,0.99,1.17,0.02,41.4,67.1
106,0,2007,12,2.48,45.2,-0.87,1.93,-0.65,0.64,15,491,0.11,-0.62,-0.5,0.16,0.82,0.93,0.31,33.3,57
106,0,2008,1,1.48,42.1,-1.32,1.19,-1.62,-0.65,9,613,-0.77,-0.52,-0.91,-0.79,0.74,0.48,0.26,30,54.1
106,0,2008,2,2.37,47.7,-1.41,0.84,-0.68,-1.13,24,396,0.21,-0.4,-0.33,-0.62,0.45,0.75,0.35,34.2,61.1
106,0,2008,3,3.4,54.6,-0.95,1.07,0.93,-0.5,48,278,0.74,0.61,0.06,-0.37,0.11,0.74,0.45,41.1,68.1
106,0,2008,4,3.36,61.5,-0.66,1.15,0.6,-0.16,90,111,0.29,0.61,0.57,-0.27,-0.4,0.87,0.6,48.2,74.8
106,0,2008,5,3.84,71,-0.72,0.91,-0.38,-0.45,271,16,-0.06,0.1,0.42,0.05,-0.37,0.51,0.77,58.7,83.4
106,0,2008,6,3.19,80.1,-0.85,0.61,-0.62,-0.81,489,1,-0.28,-0.28,-0.13,-0.04,-0.39,-0.01,0.9,68.1,92
106,0,2008,7,2.59,81.2,-1.12,-1.12,-1.07,-1.12,536,0,-0.64,-0.6,-0.53,-0.01,-0.46,-0.56,0.89,69.4,93
106,0,2008,8,5.27,79.3,1.19,1.19,3.56,1.19,495,1,1.9,1.11,0.6,0.61,0.33,-0.06,1.14,68.7,89.8
106,0,2008,9,4.33,71.9,1.71,1.71,1.93,1.71,286,13,1.02,2.14,1.49,0.78,0.64,0.19,1.39,60.7,83.1
106,0,2008,10,2.76,62.6,1.69,1.69,0.47,1.69,100,100,0.2,0.65,1.47,0.67,0.79,0.27,1.11,49.3,75.8
106,0,2008,11,1.54,53,-0.43,1.09,-1.29,0.37,30,292,-0.7,-0.34,0.19,0.46,0.54,0.33,1.1,39.8,66.3
106,0,2008,12,2,44,-0.72,0.64,-1.01,-0.6,8,541,-0.42,-0.82,-0.53,0.46,0.25,0.24,0.76,31.3,56.8
106,0,2009,1,1.05,43.3,-1.42,-1.42,-2.31,-1.42,14,579,-1.35,-1.24,-1.29,0.28,-0.13,0.15,0.42,29.6,56.9
106,0,2009,2,1.22,51,-2.31,-2.31,-3.11,-2.31,30,325,-1.18,-1.79,-1.58,-0.76,-0.34,-0.11,0.46,36.9,65.1
106,0,2009,3,3.41,55.7,0,-2.07,0.01,-2,54,253,0.75,-0.21,-0.82,-0.86,-0.06,-0.12,0.44,43.1,68.2
106,0,2009,4,3.96,61.6,0.48,-1.37,1.44,-0.6,82,110,0.77,0.93,0.31,-0.67,0.34,-0.01,0.63,48.6,74.6
106,0,2009,5,4.26,70.4,0.56,-1.11,0.36,-0.15,259,21,0.28,0.66,0.84,-0.29,-0.22,0.07,0.49,59.2,81.6
106,0,2009,6,2.37,79.9,-0.54,-1.54,-1.63,-1.22,491,0,-0.98,-0.5,-0.04,-0.47,-0.7,-0.1,-0.02,67.9,91.9
106,0,2009,7,4.37,81.3,0.42,-0.96,1.27,-0.07,557,1,1.19,-0.02,0.1,0.25,-0.43,0.29,-0.18,69.5,93.1
106,0,2009,8,2.73,80.3,0.37,-0.87,-0.04,0,530,1,-0.1,0.61,-0.18,0.44,-0.31,-0.24,-0.12,68.4,92.1
106,0,2009,9,5.02,72.5,1.25,1.25,2.75,1.25,307,13,1.55,1.03,1.45,0.82,0.28,-0.1,0.1,62.1,82.8
106,0,2009,10,7.26,60.2,3.39,3.39,6.82,3.39,102,141,2.3,2.51,2.43,2.09,1.62,0.82,0.8,49.6,70.7
106,0,2009,11,1.31,55,3.1,3.1,0.18,3.1,30,252,-0.95,1.55,1.95,1.59,1.55,0.81,0.79,42.3,67.6
106,0,2009,12,3.63,39.7,4.11,4.11,3.99,4.11,1,675,1.16,0.08,1.75,2.42,1.72,1.15,0.9,29.5,49.9
106,0,2010,1,2.51,39.8,4.24,4.24,1.67,4.24,6,687,0.39,1.03,0.16,2.1,1.82,1.5,1.07,28.8,50.7
106,0,2010,2,2.7,40,4.35,4.35,1.63,4.35,1,626,0.57,0.61,1.07,2.23,1.94,1.87,1.15,30.6,49.4
106,0,2010,3,2.24,52,-0.13,3.77,-0.4,3.56,22,352,-0.48,0.02,0.17,1.42,2.19,1.63,1.01,39.5,64.4
106,0,2010,4,2.6,63.6,-0.43,3.07,-0.92,2.46,97,76,-0.44,-0.58,-0.24,-0.1,1.56,1.35,0.93,51.1,76.1
106,0,2010,5,3.6,71.5,-0.68,2.46,-0.9,1.46,300,15,-0.27,-0.52,-0.62,0.17,1.42,1.19,0.9,59.7,83.3
106,0,2010,6,3.36,81.6,-0.85,1.97,-0.71,0.69,523,0,-0.14,-0.32,-0.5,-0.23,0.79,1.38,0.92,70.4,92.8
106,0,2010,7,4.84,81.5,-0.2,2.32,1.68,1.63,545,0,1.62,0.84,0.46,0.17,0.18,1.42,1.28,71.6,91.4
106,0,2010,8,2.32,83.6,-0.55,1.72,-1.09,0.63,619,0,-0.58,0.65,0.34,-0.23,0.28,1.28,0.8,71.3,95.9
106,0,2010,9,3.48,76.2,-0.56,1.47,-0.22,0.32,386,4,0.34,-0.2,0.64,0.01,0.09,0.93,0.66,64,88.3
106,0,2010,10,1.04,64.9,-1.29,-1.29,-2.35,-1.29,129,71,-1.44,-0.62,-0.9,-0.37,-0.39,-0.28,0.35,49.8,80
106,0,2010,11,2.26,53.6,-1.48,-1.48,-0.97,-1.48,30,273,-0.02,-0.96,-0.6,-0.29,-0.53,-0.08,0.45,40.3,67
106,0,2010,12,0.93,43.9,-2.31,-2.31,-2.94,-2.31,6,555,-2.04,-1.07,-1.5,-0.71,-0.82,-0.63,0.34,31.4,56.4
106,0,2011,1,1.75,40.4,-2.8,-2.8,-2.18,-2.8,7,665,-0.44,-1.54,-1.11,-1.37,-0.85,-0.81,0.46,28.1,52.6
106,0,2011,2,1.45,44.8,-3.42,-3.42,-2.75,-3.42,9,467,-0.88,-0.94,-1.66,-1.39,-0.97,-1.09,0.5,31.7,57.9
106,0,2011,3,1.54,56.9,-4.14,-4.14,-3.19,-4.14,75,228,-1.26,-1.45,-1.37,-1.78,-1.22,-1.25,0.23,43.9,69.9
106,0,2011,4,2.77,66.2,-4.13,-4.13,-1.26,-4.13,169,54,-0.26,-0.98,-1.27,-1.45,-1.71,-1.22,0.07,51.9,80.4
106,0,2011,5,2.86,70.6,-4.63,-4.63,-2.79,-4.63,257,20,-0.97,-0.91,-1.4,-1.93,-1.66,-1.35,-0.14,57.8,83.5
106,0,2011,6,1.69,83,-5.77,-5.77,-4.85,-5.77,564,0,-1.59,-1.66,-1.59,-1.97,-2.01,-1.61,-0.28,69.9,96.2
106,0,2011,7,2,86.1,-6.79,-6.79,-4.85,-6.79,670,0,-1.32,-1.9,-1.96,-2.21,-2.17,-2.12,-0.62,73.7,98.6
106,0,2011,8,1.86,86,-7.35,-7.35,-3.77,-7.35,693,0,-1.25,-1.6,-1.99,-2.18,-2.39,-2.05,-0.71,73,99
106,0,2011,9,2.42,74,-7.07,-7.07,-1.44,-7.07,357,11,-0.61,-1.2,-1.55,-2.06,-2.27,-2.25,-1.13,60,88
106,0,2011,10,2.04,63.7,-6.67,-6.67,-0.98,-6.67,118,85,-0.34,-0.66,-1.15,-1.96,-2.22,-2.22,-1.75,49.5,77.9
106,0,2011,11,2.95,53.9,-6.05,-6.05,-0.2,-6.05,36,266,0.54,0.03,-0.32,-1.57,-1.9,-2.19,-1.52,41.5,66.4
106,0,2011,12,3.6,43.8,-5.11,-5.11,0.94,-4.71,7,537,1.14,0.99,0.42,-0.71,-1.35,-1.67,-1.47,34,53.5
106,0,2012,1,2.32,47.3,-4.68,-4.68,-0.29,-4.34,27,463,0.19,0.88,0.86,-0.29,-1.27,-1.58,-1.57,34,60.5
106,0,2012,2,2.95,48.6,-3.84,-3.84,1.09,-3.04,20,373,0.83,0.65,1.08,0.31,-0.87,-1.27,-1.58,37.9,59.3
106,0,2012,3,4.22,62.1,-3.19,-3.19,0.74,-2.09,120,134,1.55,1.58,1.27,0.96,-0.01,-0.73,-1.31,49.9,74.3
106,0,2012,4,2.39,66.9,-3.51,-3.51,-1.94,-3.06,163,45,-0.67,0.53,0.78,0.98,0.13,-0.82,-1.42,54.2,79.6
106,0,2012,5,2.41,74,-4.31,-4.31,-3.49,-4.31,328,4,-1.43,-1.56,-0.31,0.36,-0.04,-0.92,-1.63,61.6,86.3
106,0,2012,6,2.32,80.3,-4.91,-4.91,-3.13,-4.91,479,0,-1.03,-1.56,-1.69,-0.36,-0.13,-0.76,-1.72,67.6,93.1
106,0,2012,7,3.09,83.7,-5.18,-5.18,-2.33,-5.18,587,0,-0.1,-0.82,-1.37,-0.45,0.06,-0.51,-1.96,71.6,95.7
106,0,2012,8,3.42,81.6,-4.75,-4.75,-0.31,-4.75,555,0,0.56,0.21,-0.49,-0.57,0.02,-0.22,-1.86,68.9,94.2
106,0,2012,9,3.81,74.7,-4.11,-4.11,0.45,-3.89,356,6,0.61,0.71,0.47,-0.86,-0.09,0.06,-1.74,62.2,87.2
106,0,2012,10,1.35,62.4,-4.23,-4.23,-1.63,-4.23,109,104,-1.03,-0.27,-0.08,-1.01,-0.44,-0.04,-1.6,49.8,75
106,0,2012,11,0.79,54.7,-4.9,-4.9,-3.3,-4.9,36,263,-1.6,-1.85,-0.99,-1.04,-1,-0.47,-1.73,40.3,69.2
106,0,2012,12,2.13,47.5,-5.16,-5.16,-2.3,-5.16,16,435,-0.27,-1.27,-1.48,-0.8,-1.46,-0.77,-1.57,35,59.9
106,0,2013,1,3.73,44.6,-4.59,-4.59,0.1,-4.5,17,530,1.5,0.84,-0.24,-0.27,-0.98,-0.5,-1.35,33.5,55.6
106,0,2013,2,2.71,46.9,-4.17,-4.17,-0.15,-4.08,20,408,0.58,1.41,0.92,-0.24,-0.5,-0.57,-1.21,34.8,59
106,0,2013,3,1.48,51.8,-4.25,-4.25,-1.52,-4.25,30,353,-1.33,-0.53,0.43,-0.79,-0.5,-1.16,-1.24,38.5,65.1
106,0,2013,4,3.26,59.5,0.28,-3.53,0.83,-3.16,58,147,0.2,-0.65,-0.29,-0.38,-0.41,-0.99,-1.23,46.5,72.5
106,0,2013,5,3.86,69.6,0,-3.17,0,-2.74,213,23,-0.05,0.06,-0.53,0.13,-0.55,-0.7,-1.09,57.5,81.7
106,0,2013,6,3.01,79.6,-0.25,-3.09,-0.73,-2.88,472,1,-0.43,-0.37,-0.24,0.09,-0.76,-0.53,-0.89,67.9,91.4
106,0,2013,7,3.87,79.9,0.36,-2.41,1.08,-1.74,502,0,0.7,0.07,-0.02,-0.19,-0.28,-0.34,-0.61,68.7,91.2
106,0,2013,8,2.67,81,0.29,-2.2,-0.1,-1.53,541,1,-0.16,0.23,-0.14,-0.48,0.02,-0.49,-0.44,69.5,92.6
106,0,2013,9,3.86,76.8,0.35,-1.88,0.28,-1.07,414,3,0.65,0.27,0.51,0.12,0.29,-0.47,-0.29,64.5,89.1
106,0,2013,10,3.32,63.8,0.6,-1.4,0.85,-0.28,133,83,0.55,0.69,0.47,0.23,0.06,-0.07,-0.14,51.8,75.8
106,0,2013,11,2.49,49.9,0.65,-1.14,0.34,0.08,13,376,0.17,0.42,0.59,0.31,-0.04,0.28,-0.23,38.6,61.2
106,0,2013,12,2.21,41.5,-0.01,-1.03,-0.03,0.14,4,629,-0.18,-0.07,0.2,0.44,0.17,0.31,-0.29,30.1,52.8
106,0,2014,1,0.78,39.8,-0.59,-1.5,-1.73,-0.83,4,695,-1.76,-1.29,-0.83,-0.24,-0.26,-0.31,-0.51,26,53.6
106,0,2014,2,1.73,42.9,-0.77,-1.59,-0.74,-1.03,7,520,-0.53,-1.56,-1.29,-0.28,-0.35,-0.54,-0.7,31.3,54.6
106,0,2014,3,2.09,50.6,-0.83,-1.57,-0.42,-1.07,19,384,-0.64,-0.81,-1.45,-0.66,-0.36,-0.42,-1.03,37,64.3
106,0,2014,4,2.54,62.2,-0.99,-1.65,-0.72,-1.31,87,100,-0.5,-0.73,-0.9,-1.09,-0.67,-0.59,-1.06,49,75.5
106,0,2014,5,4.22,70.1,0.13,-1.35,0.38,-0.81,216,16,0.25,-0.16,-0.4,-1.1,-0.53,-0.53,-0.79,57.5,82.7
106,0,2014,6,4.91,78.6,0.8,0.8,2.05,0.8,441,1,1.09,0.83,0.43,-0.47,-0.33,-0.12,-0.41,68.2,88.9
106,0,2014,7,3.37,79.2,1.36,1.36,1.94,1.36,481,1,0.2,0.89,0.77,0.02,-0.4,-0.19,-0.37,68.1,90.3
106,0,2014,8,2.51,81,1.36,1.36,0.41,1.36,541,0,-0.35,-0.21,0.47,-0.02,-0.56,-0.24,-0.45,69.3,92.8
106,0,2014,9,3.13,74.6,-0.07,1.15,-0.21,0.95,362,7,0.04,-0.3,-0.21,0.17,-0.5,-0.36,-0.62,63.9,85.4
106,0,2014,10,2.8,66.6,-0.13,0.97,-0.19,0.57,178,51,0.23,0.12,-0.15,0.34,-0.12,-0.44,-0.43,53.5,79.6
106,0,2014,11,2.45,48,-0.04,0.94,0.22,0.6,9,424,0.14,0.16,0.09,0.3,0.01,-0.46,-0.22,35.9,60.1
106,0,2014,12,2.05,46.8,-0.34,-0.34,-0.92,-0.34,13,458,-0.36,-0.19,-0.1,-0.25,0.03,-0.49,-0.11,37.7,55.9
106,0,2015,1,2.67,41.2,0.11,0.11,0.34,-0.19,5,653,0.55,0.04,0.02,-0.15,0.26,-0.11,-0.25,30.1,52.3
106,0,2015,2,1.68,42.7,0.02,0.02,-0.24,-0.25,5,542,-0.59,-0.01,-0.29,-0.16,0.08,-0.14,-0.41,30.8,54.6
106,0,2015,3,3.78,54,0.56,0.56,1.62,0.56,38,298,1.12,0.39,0.54,0.18,0.01,0.22,-0.1,42.6,65.6
106,0,2015,4,4.59,64.4,1.1,1.1,1.78,1.1,131,68,1.23,1.4,1.01,0.6,0.37,0.67,0.11,53,75.7
106,0,2015,5,9.44,69.6,3.62,3.62,7.91,3.62,245,22,3.09,3.09,2.81,2.27,1.92,2.02,0.94,59.4,79.8
106,0,2015,6,3.99,78.7,3.51,3.51,0.79,3.51,443,0,0.37,3,2.87,2.29,1.81,1.67,1.09,68,89.2
106,0,2015,7,3.34,82.4,3.47,3.47,0.96,3.47,573,0,0.17,0.33,2.66,2.27,1.8,1.56,1.01,71.5,93.3
106,0,2015,8,2.17,80.8,2.84,2.84,-0.82,2.45,537,1,-0.78,-0.46,-0.16,2.37,1.75,1.44,0.9,68.5,93
106,0,2015,9,1.66,77.4,1.55,1.55,-2.98,-0.06,408,2,-1.36,-1.51,-1.12,1.62,1.5,1.08,0.57,65.2,89.7
106,0,2015,10,4.98,66.3,2.24,2.24,2.54,1.61,172,55,1.4,0.46,0.02,1.93,1.86,1.54,0.79,53.8,78.7
106,0,2015,11,5.41,55.3,3.41,3.41,4.2,3.41,47,236,2.08,2.17,1.44,1.08,2.61,2.19,1.32,44.5,66.1
106,0,2015,12,4.09,49.5,4.28,4.28,3.67,4.28,24,383,1.52,2.42,2.5,1.51,2.91,2.58,1.38,37.9,61.1
106,0,2016,1,1.42,42.6,3.82,3.82,-0.06,3.74,9,605,-0.85,0.6,1.83,1.19,2.87,2.45,1.49,31.2,54.1
106,0,2016,2,1.66,50.6,3.09,3.09,-1,2.57,23,342,-0.62,-1.04,0.15,1.23,0.96,2.56,1.54,37,64.2
106,0,2016,3,4.48,58.3,3.41,3.41,1.91,3.41,79,201,1.79,0.87,0.23,2.1,1.38,2.79,1.93,45.5,71.2
106,0,2016,4,5.11,63.8,3.95,3.95,2.65,3.95,112,74,1.58,1.93,1.54,2.16,1.84,3.09,2.3,51.7,76
106,0,2016,5,4.54,69.1,3.9,3.9,1.08,3.9,222,25,0.51,1.36,1.73,1.42,2.15,1.87,2.38,58,80.2
106,0,2016,6,3.42,79.6,3.45,3.45,-0.15,3.33,468,0,-0.09,0.22,1.01,0.85,2.23,1.62,2.31,68.4,90.7
106,0,2016,7,3.08,83.6,3.04,3.04,-0.15,2.81,603,0,-0.11,-0.16,0.11,1.04,1.63,1.47,2.26,72.2,95
106,0,2016,8,5.83,80.7,4.22,4.22,4.46,4.22,534,0,2.23,1.8,1.26,2.11,1.73,2.3,2.42,70.3,91
106,0,2016,9,3.01,76.5,-0.24,3.54,-0.71,3.21,414,3,-0.07,1.69,1.34,1.55,1.31,2.49,2.81,65.1,87.8
106,0,2016,10,0.99,68.6,-1.17,2.22,-2.87,0.74,215,32,-1.52,-0.94,0.46,0.32,1.03,1.59,2.7,55.2,82
106,0,2016,11,2.15,58.1,-1.6,1.45,-1.64,-0.62,70,178,-0.11,-1.07,-0.89,0.08,1.08,0.97,2.95,45.8,70.4
106,0,2016,12,2.48,45.1,-1.76,0.97,-0.98,-1.33,15,489,0.11,-0.11,-0.84,0.15,0.67,0.66,2.09,34.3,55.9
106,0,2017,1,3.01,47,-1.65,0.8,-0.21,-1.42,33,456,0.87,0.59,0.26,0.45,0.37,1.01,2.18,35.9,58.2
106,0,2017,2,1.78,54.8,-2.17,-2.17,-2.07,-2.17,60,240,-0.47,0.31,0.21,-0.59,0.13,1.04,2.28,41.6,67.9
106,0,2017,3,2.68,59.6,-2.38,-2.38,-1.3,-2.38,102,176,0,-0.33,0.18,-0.52,0.17,0.65,2.22,47,72.1
106,0,2017,4,4.59,64.6,0.58,-1.56,1.74,-0.74,131,66,1.23,0.88,0.53,0.43,0.6,0.53,2.22,52.5,76.8
106,0,2017,5,4.38,69.4,0.78,-1.14,0.78,0.04,223,22,0.38,1.04,0.85,0.69,-0.09,0.48,1.53,56.9,81.8
106,0,2017,6,4.18,78.4,1.07,-0.65,1.1,0.95,428,1,0.52,0.53,1.04,0.84,0.1,0.64,1.61,67.2,89.6
106,0,2017,7,3.22,82.4,1.28,1.28,0.97,1.28,569,0,0.04,0.37,0.45,0.62,0.57,0.66,1.59,71,93.7
106,0,2017,8,6.84,78.7,3.42,3.42,6.82,3.42,486,2,2.77,2.54,2.3,1.93,1.61,0.83,2.07,68.6,88.8
106,0,2017,9,2.31,74.8,-0.32,2.75,-0.95,2.32,351,5,-0.71,1.87,1.59,1.73,1.42,0.67,2.47,62.8,86.7
106,0,2017,10,2.07,64.5,-0.5,2.25,-0.65,1.5,134,72,-0.32,-0.7,1.03,1.01,1.01,0.92,2.06,51.3,77.7
106,0,2017,11,0.75,56.4,-1.45,1.02,-3,-0.91,59,214,-1.65,-1.29,-1.39,0.36,0.71,0.67,1.24,44,68.7
106,0,2017,12,2.41,44.5,-1.61,0.6,-0.94,-1.56,5,536,0.04,-1.09,-1.02,0.17,0.7,0.67,0.86,33.1,56
106,0,2018,1,1.39,39.8,-2.07,-2.07,-1.87,-2.07,4,699,-0.89,-0.64,-1.31,-0.1,0.12,0.34,0.88,26.8,52.8